Photo ID,WR plate no,Negative no,AML no,Attribution
310,687,,7312128,"Baths Basilica"
311,687,,7312135,"Baths Basilica"
312,688,,7312367,"Baths Basilica"
313,688,,7312155,"Baths Basilica"
314,688,,7312317,"Baths Basilica"
315,688,,7312184,"Baths Basilica"
316,688,,743274,"Baths Basilica"
317,688,,743370,"Baths Basilica"
318,689,,743423,"Baths Basilica"
319,689,,737032,"Baths Basilica"
320,689,,743369,"Baths Basilica"
321,690,,743315,"Baths Basilica"
322,690,,743371,"Baths Basilica"
323,690,,743317,"Baths Basilica"
324,690,,743308,"Baths Basilica"
325,690,,743302,"Baths Basilica"
326,690,,743424,"Baths Basilica"
327,690,,7410166,"Baths Basilica"
328,690,,7410166,"Baths Basilica"
329,690,,7410167,"Baths Basilica"
330,690,,7410162,"Baths Basilica"
331,690,,7410160,"Baths Basilica"
332,690,,7410181,"Baths Basilica"
333,690,,7410163,"Baths Basilica"
334,691,,7312358,"Baths Basilica"
335,691,,7312366,"Baths Basilica"
336,691,,7312371,"Baths Basilica"
337,691,,7312308,"Baths Basilica"
338,691,,7312401,"Baths Basilica"
339,691,,7312471,"Baths Basilica"
340,691,,743273,"Baths Basilica"
341,691,,743282,"Baths Basilica"
342,691,,743295,"Baths Basilica"
343,691,,743214,"Baths Basilica"
344,691,,7312363,"Baths Basilica"
345,692,,7313209,"Baths Basilica"
346,692,,7313492,"Baths Basilica"
347,692,,7313360,"Baths Basilica"
348,692,,7313465,"Baths Basilica"
349,692,,743414,"Baths Basilica"
350,692,,7410180,"Baths Basilica"
351,693,,7312287,"Baths Basilica"
352,693,,7312269,"Baths Basilica"
353,693,,7312294,"Baths Basilica"
354,693,,7312244,"Baths Basilica"
355,693,,7312232,"Baths Basilica"
356,694,,7312200,"Baths Basilica"
357,694,,7312202,"Baths Basilica"
358,694,,7312204,"Baths Basilica"
359,694,,7312213,"Baths Basilica"
360,694,,7312215,"Baths Basilica"
361,694,,7312222,"Baths Basilica"
362,694,,7312220,"Baths Basilica"
363,694,,7312217,"Baths Basilica"
364,694,,7312223,"Baths Basilica"
365,694,,7312254,"Baths Basilica"
366,694,,7312266,"Baths Basilica"
367,694,,7312299,"Baths Basilica"
368,696,,785839,"Webster"
369,696,,792173,"Webster"
370,696,,787168,"Webster"
371,697,,785823,"Webster"
372,697,,785833,"Webster"
373,697,,785834,"Webster"
374,697,,787018,"Webster"
375,697,,785867,"Webster"
376,698,,785813,"Webster"
377,698,,785815,"Webster"
378,698,,785794,"Webster"
379,698,,785819,"Webster"
380,698,,785882,"Webster"
381,698,,785821,"Webster"
382,695,,7312190,"Baths Basilica"
383,695,,7312192,"Baths Basilica"
384,695,,7312194,"Baths Basilica"
385,695,,7312199,"Baths Basilica"
386,695,,7312161,"Baths Basilica"
387,700,,725730,"Webster"
388,700,,725738,"Webster"
389,700,,7257343,"Webster"
390,700,,725744,"Webster"
391,700,,725764,"Webster"
392,701,,777286,"Webster"
393,701,,777290,"Webster"
394,701,,777288,"Webster"
395,701,,777285,"Webster"
396,701,,777289,"Webster"
397,701,,777291,"Webster"
398,702,,7716470,"Brown"
399,703,,7716470,"Brown - coin"
400,704,,786393,"Webster"
401,704,,788077,"Webster"
402,704,,788075,"Webster"
403,705,,786387,"Webster"
404,705,,786388,"Webster"
405,705,,786389,"Webster"
406,705,,786390,"Webster"
407,705,,786391,"Webster"
408,705,,786392,"Webster"
409,705,,786394,"Webster"
410,705,,786395,"Webster"
411,705,,786396,"Webster"
412,705,,786397,"Webster"
413,705,,786398,"Webster"
414,705,,786399,"Webster"
415,706,,788071,"Webster"
416,706,,788072,"Webster"
417,706,,788073,"Webster"
418,706,,788074,"Webster"
419,706,,788076,"Webster"
420,706,,788078,"Webster"
1,11,,681658,"Webster"
2,11,,681678,"Webster"
3,11,,722020,
4,11,,722019,
5,17,,681671,"Webster"
6,20,,681659,"Webster"
7,21,,681657,"Webster"
8,22,,681660,"Webster"
9,23,,681663,"Webster"
10,24,,681677,"Webster"
11,26,,681675,"Webster"
12,27,,681670,"Webster"
13,28,,681674,"Webster"
14,29,,681679,"Webster"
15,30,,681673,"Webster"
16,32,,681672,"Webster"
17,36,,681655,"Webster"
18,37,,681656,"Webster"
19,38,,681666,"Webster"
20,40,,681654,"Webster"
21,41,,681650,"Webster"
22,42,,681651,"Webster"
23,43,,681665,"Webster"
24,44,,681664,"Webster"
25,45,,681652,"Webster"
26,66,,725727,"Webster"
27,67,,725728,"Webster"
28,68,,725730,"Webster"
29,69,,725729,"Webster"
30,70,,725731,"Webster"
31,71,,725725,"Webster"
32,72,,725726,"Webster"
33,73,,725723,"Webster"
34,74,,725724,"Webster"
35,75,,725722,"Webster"
36,76,,725685,"Museum"
37,77,,725688,"Museum"
38,78,,725689,"Museum"
39,79,,725686,"Museum"
40,80,,725692,"Museum"
41,81,,725690,"Museum"
42,82,,725687,"Museum"
43,83,,725691,"Museum"
44,84,,725703,"Museum"
45,85,,725704,"Museum"
46,86,,725701,"Museum"
47,87,,725702,"Museum"
48,88,,725699,"Museum"
49,89,,760703,"Museum"
50,90,,725695,"Museum"
51,91,,725698,"Museum"
52,92,,725697,"Museum"
53,93,,725696,"Museum"
54,94,,725694,"Museum"
55,95,,725693,"Museum"
56,96,,725721,"Museum"
57,97,,725720,"Museum"
58,98,,725719,"Museum"
59,99,,725717,"Museum"
60,31,,5350,"Labelled as Webster but number is possibly Kenyon"
61,100,,725718,"Museum"
62,101,,725715,"Museum"
63,102,,725716,"Museum"
64,103,,725713,"Museum"
65,104,,725714,"Museum"
66,105,,725711,"Museum"
67,106,,725712,"Museum"
68,107,,725709,"Museum"
69,108,,725710,"Museum"
70,109,,725705,"Museum"
71,110,,725706,"Museum"
72,111,,725708,"Museum"
73,112,,725707,"Museum"
74,113,,725672,"Museum"
75,114,,725673,"Museum"
76,115,,725676,"Museum"
77,116,,725675,"Museum"
78,117,,725678,"Museum"
79,118,,725677,"Museum"
80,118,,890414,"Museum"
81,119,,725680,"Museum"
82,120,,725679,"Museum"
83,121,,725682,"Museum"
84,122,,725681,"Museum"
85,123,,725684,"Museum"
86,124,,725683,"Museum"
87,125,,725664,"Museum"
88,126,,725662,"Museum"
89,127,,725663,"Museum"
90,128,,725659,"Museum"
91,129,,725661,"Museum"
92,130,,725660,"Museum"
93,131,,725674,"Museum"
94,132,,725671,"Museum"
95,133,,725670,"Museum"
96,134,,725669,"Museum"
97,135,,725668,"Museum"
98,136,,725667,"Museum"
99,137,,725666,"Museum"
100,138,,725665,"Museum"
101,139,,725657,"Museum"
102,140,,725656,"Museum"
103,141,,725645,"Museum"
104,142,,725647,"Museum"
105,143,,725646,"Museum"
106,144,,725649,"Museum"
107,145,,725648,"Museum"
108,146,,725651,"Museum"
109,147,,725652,"Museum"
110,148,,725653,"Museum"
111,149,,725650,"Museum"
112,150,,725655,"Museum"
113,151,,725654,"Museum"
114,152,,725638,"Museum"
115,153,,725639,"Museum"
116,154,,725640,"Museum"
117,155,,725637,"Museum"
118,156,,725641,"Museum"
119,157,,725658,"Museum"
120,158,,725642,"Museum"
121,159,,725643,"Museum"
122,160,,725635,"Museum"
123,161,,725644,"Museum"
124,162,,725636,"Museum"
125,163,,725634,"Museum"
126,164,,725633,"Museum"
127,165,,725769,"Webster"
128,166,,725772,"Webster"
129,167,,725774,"Webster"
130,168,,725777,"Webster"
131,169,,725775,"Webster"
132,170,,725776,"Webster"
133,171,,725773,"Webster"
134,172,,725765,"Webster"
135,173,,725770,"Webster"
136,174,,725768,"Webster"
137,175,,725766,"Webster"
138,176,,725771,"Webster"
139,177,,725767,"Webster"
140,178,,725614,"Webster"
141,179,,725612,"Webster"
142,180,,725620,"Webster"
143,181,,725621,"Webster"
144,183,,725619,"Webster"
145,184,,725618,"Webster"
146,185,,725617,"Webster"
147,187,,725613,"Webster"
148,191,,725605,"Webster"
149,192,,725604,"Webster"
150,194,,725606,"Webster"
151,196,,725600,"Webster"
152,199,,725623,"Webster"
153,200,,725622,"Webster"
154,201,,725625,"Webster"
155,202,,725624,"Webster"
156,203,,725627,"Webster"
157,204,,725626,"Webster"
158,205,,725629,"Webster"
159,206,,725628,"Webster"
160,207,,725631,"Webster"
161,208,,725630,"Webster"
162,209,,725632,"Webster"
163,210,,725751,"Webster"
164,211,,725743,"Webster"
165,212,,725749,"Webster"
166,213,,725750,"Webster"
167,214,,725753,"Webster"
168,215,,725747,"Webster"
169,216,,725743,"Webster"
170,217,,725744,"Webster"
171,218,,725748,"Webster"
172,221,,725752,"Webster"
173,219,,725746,"Webster"
174,224,,725764,"Webster"
175,225,,727762,"Webster"
176,226,,725763,"Webster"
177,227,,725760,"Webster"
178,228,,725761,"Webster"
179,229,,725758,"Webster"
180,230,,725759,"Webster"
181,231,,725756,"Webster"
182,232,,725757,"Webster"
183,233,,725754,"Webster"
184,234,,725755,"Webster"
185,235,,725733,"Museum"
186,236,,725739,"Webster"
187,237,,725735,"Webster"
188,238,,725741,"Webster"
189,239,,725740,"Webster"
190,240,,725732,"Webster"
191,241,,725738,"Webster"
192,242,,725736,"Webster"
193,243,,725742,"Webster"
194,244,,725734,"Webster"
195,245,,725737,"Webster"
196,360,,722015,"Museum"
197,361,,722018,"Museum"
198,362,,722016,"Museum"
199,363,,722017,"Museum"
200,390,,767028,"Webster"
201,391,,770838,"Webster"
202,412,,776028,
203,413,,776028,
204,414,,776027,
205,491,,7716452,"Brown"
206,491,,790301,"Brown"
207,491,,7716450,"Brown"
208,491,,790303,"Brown"
209,491,,7716454,"Brown"
210,491,,7716453,"Brown"
211,491,,790300,"Brown"
212,492,,681677,"Webster"
213,493,,681677,"Webster"
214,494,,787305,"Webster"
215,494,,781850,"Webster"
216,494,,781849,"Webster"
217,495,,760278,"Webster"
218,495,,760285,"Webster"
219,495,,760289,"Webster"
220,495,,760290,"Webster"
221,496,,767035,"Webster"
222,496,,767029,"Webster"
223,496,,767039,"Webster"
224,496,,767042,"Webster"
225,498,,760265,"Webster"
226,498,,760271,"Webster"
227,497,,725630,"Webster"
228,497,,725614,"Webster"
229,499,,681701,"Webster"
230,500,,777292,"Webster"
231,675,,78000620,"Baths Basilica"
232,675,,78000621,"Baths Basilica"
233,675,,78000622,"Baths Basilica"
234,675,,78000623,"Baths Basilica"
235,675,,78000624,"Baths Basilica"
236,675,,78000625,"Baths Basilica"
237,675,,78000626,"Baths Basilica"
238,675,,78000627,"Baths Basilica"
239,675,,78000628,"Baths Basilica"
240,675,,78000629,"Baths Basilica"
241,675,,78000630,"Baths Basilica"
242,675,,78000631,"Baths Basilica"
243,676,,78000600,"Baths Basilica"
244,676,,78000601,"Baths Basilica"
245,676,,78000602,"Baths Basilica"
246,676,,78000603,"Baths Basilica"
247,676,,78000604,"Baths Basilica"
248,676,,78000605,"Baths Basilica"
249,676,,78000606,"Baths Basilica"
250,676,,78000607,"Baths Basilica"
251,676,,78000608,"Baths Basilica"
252,676,,78000609,"Baths Basilica"
253,676,,78000610,"Baths Basilica"
254,676,,78000611,"Baths Basilica"
255,676,,78000612,"Baths Basilica"
256,676,,78000613,"Baths Basilica"
257,676,,78000614,"Baths Basilica"
258,676,,78000615,"Baths Basilica"
259,676,,78000616,"Baths Basilica"
260,676,,78000617,"Baths Basilica"
261,676,,78000618,"Baths Basilica"
262,676,,78000619,"Baths Basilica"
263,680,,787153,"Webster"
264,680,,787104,"Webster"
265,680,,787156,"Webster"
266,680,,787171,"Webster"
267,680,,787152,"Webster"
268,680,,785448,"Webster"
269,680,,785459,"Webster"
270,680,,785471,"Webster"
271,681,,785840,"Webster"
272,681,,785850,"Webster"
273,681,,785847,"Webster"
274,681,,785856,"Webster"
275,681,,785858,"Webster"
276,681,,785859,"Webster"
277,681,,785864,"Webster"
278,681,,785865,"Webster"
279,682,,767032,"Webster"
280,682,,787007,"Webster"
281,682,,787011,"Webster"
282,682,,725758,"Webster"
283,682,,786874,"Webster"
284,682,,725725,"Webster"
285,683,,785518,"Webster"
286,684,"A860012",785465,"Webster"
287,685,,7410190,"Baths Basilica"
288,685,,7410195,"Baths Basilica"
289,685,,7410179,"Baths Basilica"
290,685,,7410189,"Baths Basilica"
291,685,,743304,"Baths Basilica"
292,685,,7410157,"Baths Basilica"
293,685,,7410185,"Baths Basilica"
294,685,,7410186,"Baths Basilica"
295,685,,7410193,"Baths Basilica"
296,685,,7410188,"Baths Basilica"
297,686,,7312177,"Baths Basilica"
298,686,,7312159,"Baths Basilica"
299,686,,7312165,"Baths Basilica"
300,686,,7312176,"Baths Basilica"
301,686,,7312151,"Baths Basilica"
302,686,,7312143,"Baths Basilica"
303,686,,7312167,"Baths Basilica"
304,687,,7312110,"Baths Basilica"
305,687,,7312117,"Baths Basilica"
306,687,,7312119,"Baths Basilica"
307,687,,7312121,"Baths Basilica"
308,687,,7312120,"Baths Basilica"
309,687,,7312123,"Baths Basilica"
1041,733,,785803,"Webster"
1042,733,,785816,"Webster"
1043,733,,786385,"Webster"
1044,733,,767034,"Webster"
1045,733,,786827,"Webster"
1046,733,,786839,"Webster"
1047,733,,785792,"Webster"
1048,733,,786828,"Webster"
1049,733,,786386,"Webster"
1050,677,,790319,"Brown"
1051,764,,765306,"Brown"
1052,764,,7716449,"Brown"
1053,764,,7716451,"Brown"
1054,764,,7716484,"Brown"
1055,764,,7716489,"Brown"
1056,764,,7716491,"Brown"
1057,764,,7716492,"Brown"
1058,764,,7716493,"Brown"
1059,764,,7716494,"Brown"
1060,764,,7716495,"Brown"
1061,764,,7716499,"Brown"
1062,764,,7716510,"Brown"
1063,764,,7716512,"Brown"
1064,764,,791927,"Brown"
1065,764,,791926,"Brown"
1066,764,,791931,"Brown"
1067,764,,7716501,"Brown"
1068,765,,790278,"Brown"
1069,765,,776505,"Brown"
1070,765,,7716456,"Brown"
1071,765,,790352,"Brown"
1072,765,,790302,"Brown"
1073,765,,790296,"Brown"
1074,765,,790316,"Brown"
1075,765,,790317,"Brown"
1076,766,,791933,"Brown"
1077,766,,791935,"Brown"
1078,766,,791928,"Brown"
1079,766,,791930,"Brown"
1080,766,,791932,"Brown"
1081,766,,791920,"Brown"
1082,766,,791918,"Brown"
1083,766,,791919,"Brown"
1084,766,,790285,"Brown"
1085,766,,791944,"Brown"
1086,766,,791939,"Brown"
1087,766,,790277,"Brown"
1088,766,,790290,"Brown"
1089,766,,790279,"Brown"
1090,767,,7716455,"Brown"
1091,767,,7716460,"Brown"
1092,767,,7716459,"Brown"
1093,767,,790344,"Brown"
1094,767,,790298,"Brown"
1095,767,,790319,"Brown"
1096,768,,790318,"Brown"
1097,768,,7716458,"Brown"
1098,490,,768534,"Johnston"
1099,409,,768534,"Johnston"
1100,410,,768534,"Johnston"
1101,0,"A860012",760263,"Webster"
1102,0,"A860012",787574,"Webster"
1103,0,"A860012",787619,"Webster"
1104,0,"A860013",787488,"Webster"
1105,0,"A860013",767024,"Webster"
1106,0,"A860013",767027,"Webster"
421,706,,788079,"Webster"
422,706,,788080,"Webster"
423,706,,788081,"Webster"
424,706,,788082,"Webster"
425,706,,788083,"Webster"
426,706,,786400,"Webster"
427,706,,786401,"Webster"
428,706,,786402,"Webster"
429,706,,786403,"Webster"
430,707,,786404,"Webster"
431,707,,801456,"Webster"
432,707,,801457,"Webster"
433,707,,801458,"Webster"
434,707,,801461,"Webster"
435,707,,801462,"Webster"
436,707,,801463,"Webster"
437,707,,801464,"Webster"
438,707,,801465,"Webster"
439,707,,801466,"Webster"
440,707,,788084,"Webster"
441,707,,788085,"Webster"
442,707,,788086,"Webster"
443,707,,788087,"Webster"
444,708,,725729,"Webster"
445,708,,786731,"Webster"
446,708,,770892,"Webster"
447,709,,78001151,"Baths Basilica"
448,709,,78001152,"Baths Basilica"
449,709,,78001153,"Baths Basilica"
450,709,,78001154,"Baths Basilica"
451,709,,78001155,"Baths Basilica"
452,709,,78001156,"Baths Basilica"
453,709,,78001157,"Baths Basilica"
454,709,,78001158,"Baths Basilica"
455,709,,78001159,"Baths Basilica"
456,709,,78001160,"Baths Basilica"
457,709,,78001161,"Baths Basilica"
458,709,,78001162,"Baths Basilica"
459,709,,78001163,"Baths Basilica"
460,709,,78001164,"Baths Basilica"
461,709,,78001165,"Baths Basilica"
462,709,,78001166,"Baths Basilica"
463,710,,721365,
464,710,,721364,
465,710,,721368,
466,710,,721369,
467,711,,721365,
468,711,,721364,
469,711,,721368,
470,711,,721369,
471,712,,785840,"Webster"
472,712,,785856,"Webster"
473,712,,785858,"Webster"
474,712,,792120,"Webster"
475,712,,787007,"Webster"
476,712,,786753,"Webster"
477,712,,786944,"Webster"
478,712,,785589,"Webster"
479,712,,787011,"Webster"
480,712,,787018,"Webster"
481,712,,725776,"Webster"
482,713,,785874,"Webster"
483,713,,785867,"Webster"
484,713,,785864,"Webster"
485,713,,760273,"Webster"
486,713,,760275,"Webster"
487,713,,767032,"Webster"
488,713,,725752,"Webster"
489,713,,725775,"Webster"
490,714,,785481,"Webster"
491,714,,786321,"Webster"
492,714,,785850,"Webster"
493,714,,725768,"Webster"
494,714,,681699,"Webster"
495,714,,725777,"Webster"
496,715,,725758,"Webster"
497,715,,725748,"Webster"
498,715,,725731,"Webster"
499,715,,725736,"Webster"
500,715,,725726,"Webster"
501,715,,725765,"Webster"
502,715,,725760,"Webster"
503,715,,725761,"Webster"
504,715,,786942,"Webster"
505,715,,786874,"Webster"
506,716,,681698,"Webster"
507,716,,725763,"Webster"
508,716,,786940,"Webster"
509,716,,725756,"Webster"
510,716,,725725,"Webster"
511,717,,785507,"Webster"
512,717,,785502,"Webster"
513,717,,786988,"Webster"
514,718,,801533,"Webster"
515,719,,787183,"Webster"
516,719,,792173,"Webster"
517,719,,810008,"Webster"
518,719,,785815,"Webster"
519,719,,785813,"Webster"
520,719,,785820,"Webster"
521,719,,785834,"Webster"
522,719,,785823,"Webster"
523,719,,785833,"Webster"
524,719,,787384,"Webster"
525,719,,787304,"Webster"
526,720,,785489,"Webster"
527,720,,787153,"Webster"
528,720,,787184,"Webster"
529,720,,785821,"Webster"
530,720,,787196,"Webster"
531,720,,787190,"Webster"
532,720,,785819,"Webster"
533,720,,785794,"Webster"
534,721,,785494,"Webster"
535,721,,725774,"Webster"
536,721,,786992,"Webster"
537,721,,785839,"Webster"
538,721,,787620,"Webster"
539,721,,785471,"Webster"
540,722,,787688,"Webster"
541,722,,785875,"Webster"
542,722,,725771,"Webster"
543,722,,785865,"Webster"
544,722,,781851,"Webster"
545,722,,786897,"Webster"
546,722,,786994,"Webster"
547,722,,786275,"Webster"
548,722,,786275,"Webster"
549,722,,785847,"Webster"
550,722,,787104,"Webster"
551,729,,565350,"Webster"
552,729,,760294,"Webster"
553,729,,725734,"Webster"
554,729,,767044,"Webster"
555,729,,725770,"Webster"
556,729,,810006,"Webster"
557,729,,810009,"Webster"
558,729,,681995,"Webster"
559,729,,760274,"Webster"
560,729,,725757,"Webster"
561,729,,767040,"Webster"
562,729,,840010,"Webster"
563,730,,802957,"Webster"
564,730,,802954,"Webster"
565,730,,802950,"Webster"
566,730,,802953,"Webster"
567,730,,802956,"Webster"
568,730,,802948,"Webster"
569,730,,802949,"Webster"
570,730,,802951,"Webster"
571,730,,802952,"Webster"
572,732,,786858,"Webster"
573,732,,786857,"Webster"
574,732,,786847,"Webster"
575,732,,786854,"Webster"
576,732,,786856,"Webster"
577,732,,786840,"Webster"
578,732,,786848,"Webster"
579,732,,786845,"Webster"
580,734,,681674,"Webster"
581,734,,681596,"Webster"
582,734,,725741,"Webster"
583,734,,681672,"Webster"
584,734,,725747,"Webster"
585,734,,690002,"Webster"
586,734,,681694,"Webster"
587,735,,801822,"Webster"
588,735,,801818,"Webster"
589,735,,810007,"Webster"
590,735,,801820,"Webster"
591,735,,801809,"Webster"
592,735,,785797,"Webster"
593,735,,786295,"Webster"
594,735,,801823,"Webster"
595,735,,801810,"Webster"
596,735,,801821,"Webster"
597,735,,801816,"Webster"
598,735,,801824,"Webster"
599,735,,801815,"Webster"
600,736,,793472,"Webster"
601,736,,793479,"Webster"
602,736,,793475,"Webster"
603,736,,793484,"Webster"
604,736,,793479,"Webster"
605,736,,793532,"Webster"
606,736,,793493,"Webster"
607,736,,793473,"Webster"
608,736,,793476,"Webster"
609,736,,793492,"Webster"
610,736,,793533,"Webster"
611,736,,793488,"Webster"
612,736,,793485,"Webster"
613,736,,793466,"Webster"
614,737,,786872,"Webster"
615,737,,786878,"Webster"
616,737,,786879,"Webster"
617,737,,786880,"Webster"
618,737,,786884,"Webster"
619,737,,786883,"Webster"
620,737,,786863,"Webster"
621,737,,786877,"Webster"
622,737,,786871,"Webster"
623,738,,786964,"Webster"
624,738,,786949,"Webster"
625,738,,786948,"Webster"
626,738,,786951,"Webster"
627,738,,786947,"Webster"
628,738,,786946,"Webster"
629,738,,786950,"Webster"
630,738,,786980,"Webster"
631,738,,786945,"Webster"
632,738,,786966,"Webster"
633,739,,788066,"Webster"
634,739,,793457,"Webster"
635,739,,793456,"Webster"
636,739,,788070,"Webster"
637,739,,793462,"Webster"
638,739,,787015,"Webster"
639,739,,787174,"Webster"
640,739,,787168,"Webster"
641,739,,787002,"Webster"
642,739,,793465,"Webster"
643,739,,787152,"Webster"
644,739,,793464,"Webster"
645,740,,786989,"Webster"
646,740,,786990,"Webster"
647,740,,786986,"Webster"
648,740,,786990,"Webster"
649,740,,786981,"Webster"
650,740,,786987,"Webster"
651,740,,786983,"Webster"
652,740,,786985,"Webster"
653,740,,786995,"Webster"
654,740,,786993,"Webster"
655,740,,786984,"Webster"
656,740,,786982,"Webster"
657,741,,786941,"Webster"
658,741,,786934,"Webster"
659,741,,786938,"Webster"
660,741,,786939,"Webster"
661,741,,786932,"Webster"
662,741,,786926,"Webster"
663,741,,786943,"Webster"
664,741,,786937,"Webster"
665,741,,786933,"Webster"
666,741,,786935,"Webster"
667,742,,786908,"Webster"
668,742,,786899,"Webster"
669,742,,786896,"Webster"
670,742,,786888,"Webster"
671,742,,786887,"Webster"
672,742,,786901,"Webster"
673,742,,786886,"Webster"
674,742,,786923,"Webster"
675,742,,786898,"Webster"
676,742,,786919,"Webster"
677,742,,786900,"Webster"
678,743,,788056,"Webster"
679,743,,788054,"Webster"
680,743,,801452,"Webster"
681,743,,788055,"Webster"
682,743,,801450,"Webster"
683,743,,788058,"Webster"
684,743,,785534,"Webster"
685,743,,788067,"Webster"
686,743,,786405,"Webster"
687,743,,801427,"Webster"
688,744,,788061,"Webster"
689,744,,786430,"Webster"
690,744,,801451,"Webster"
691,744,,786420,"Webster"
692,744,,786408,"Webster"
693,744,,788057,"Webster"
694,744,,788053,"Webster"
695,744,,788069,"Webster"
696,746,,814248,"Webster"
697,746,,814249,"Webster"
698,747,,725620,"Webster"
699,747,,725622,"Webster"
700,747,,725629,"Webster"
701,747,,760260,"Webster"
702,747,,767025,"Webster"
703,747,,770899,"Webster"
704,747,,785515,"Webster"
705,747,,785448,"Webster"
706,747,,785459,"Webster"
707,747,,785504,"Webster"
708,747,,785511,"Webster"
709,747,,786226,"Webster"
710,748,,785518,"Webster"
711,748,,786232,"Webster"
712,748,,786251,"Webster"
713,748,,786252,"Webster"
714,748,,786253,"Webster"
715,748,,786254,"Webster"
716,748,,786259,"Webster"
717,748,,786270,"Webster"
718,748,,786271,"Webster"
719,748,,786281,"Webster"
720,748,,786284,"Webster"
721,748,,786294,"Webster"
722,748,,786298,"Webster"
723,748,,786306,"Webster"
724,749,,786287,"Webster"
725,749,,786318,"Webster"
726,749,,786349,"Webster"
727,749,,786377,"Webster"
728,749,,786339,"Webster"
729,749,,786641,"Webster"
730,749,,786352,"Webster"
731,749,,786359,"Webster"
732,750,,786363,"Webster"
733,750,,786376,"Webster"
734,750,,786337,"Webster"
735,750,,786369,"Webster"
736,750,,786354,"Webster"
737,750,,787172,"Webster"
738,750,,787171,"Webster"
739,750,,787126,"Webster"
740,750,,787105,"Webster"
741,750,,787127,"Webster"
742,750,,787109,"Webster"
743,750,,787120,"Webster"
744,750,,787140,"Webster"
745,750,,787156,"Webster"
746,750,,787108,"Webster"
747,751,,787729,"Webster"
748,751,,787733,"Webster"
749,751,,787736,"Webster"
750,751,,787744,"Webster"
751,751,,787746,"Webster"
752,751,,787748,"Webster"
753,751,,787757,"Webster"
754,751,,787761,"Webster"
755,751,,787762,"Webster"
756,751,,787763,"Webster"
757,751,,787764,"Webster"
758,751,,787765,"Webster"
759,751,,787768,"Webster"
760,751,,787772,"Webster"
761,751,,787774,"Webster"
762,751,,787777,"Webster"
763,751,,787780,"Webster"
764,752,,801376,"Webster"
765,752,,801377,"Webster"
766,752,,801378,"Webster"
767,752,,801378,"Webster"
768,752,,801380,"Webster"
769,752,,801383,"Webster"
770,752,,801384,"Webster"
771,752,,801386,"Webster"
772,752,,801391,"Webster"
773,752,,801400,"Webster"
774,752,,801402,"Webster"
775,752,,801407,"Webster"
776,752,,801408,"Webster"
777,752,,801410,"Webster"
778,752,,801411,"Webster"
779,752,,801412,"Webster"
780,752,,801413,"Webster"
781,752,,801417,"Webster"
782,752,,801419,"Webster"
783,752,,801421,"Webster"
784,752,,801424,"Webster"
785,752,,801425,"Webster"
786,753,,787847,"Webster"
787,753,,787855,"Webster"
788,753,,787859,"Webster"
789,753,,787872,"Webster"
790,753,,787880,"Webster"
791,753,,787882,"Webster"
792,753,,787890,"Webster"
793,753,,787893,"Webster"
794,753,,787898,"Webster"
795,753,,787898,"Webster"
796,753,,787904,"Webster"
797,753,,787911,"Webster"
798,753,,787923,"Webster"
799,754,,786777,"Webster"
800,754,,786782,"Webster"
801,754,,786784,"Webster"
802,754,,786787,"Webster"
803,754,,786792,"Webster"
804,754,,786795,"Webster"
805,754,,786797,"Webster"
806,754,,786800,"Webster"
807,754,,786802,"Webster"
808,754,,786803,"Webster"
809,754,,786805,"Webster"
810,755,,786754,"Webster"
811,755,,786755,"Webster"
812,755,,786756,"Webster"
813,755,,786757,"Webster"
814,755,,786758,"Webster"
815,755,,786760,"Webster"
816,755,,786761,"Webster"
817,755,,786762,"Webster"
818,755,,786764,"Webster"
819,755,,786766,"Webster"
820,755,,786768,"Webster"
821,755,,786769,"Webster"
822,755,,786770,"Webster"
823,755,,786776,"Webster"
824,756,,786806,"Webster"
825,756,,786808,"Webster"
826,756,,786810,"Webster"
827,756,,786814,"Webster"
828,756,,786816,"Webster"
829,756,,786819,"Webster"
830,756,,786821,"Webster"
831,756,,786822,"Webster"
832,756,,787024,"Webster"
833,756,,787029,"Webster"
834,756,,787032,"Webster"
835,756,,787033,"Webster"
836,756,,787034,"Webster"
837,756,,787035,"Webster"
838,757,,786936,"Webster"
839,757,,787037,"Webster"
840,757,,787040,"Webster"
841,757,,787042,"Webster"
842,757,,787046,"Webster"
843,757,,787047,"Webster"
844,757,,787048,"Webster"
845,757,,787050,"Webster"
846,757,,787052,"Webster"
847,757,,787055,"Webster"
848,757,,787063,"Webster"
849,757,,787069,"Webster"
850,757,,787071,"Webster"
851,757,,787073,"Webster"
852,757,,787077,"Webster"
853,758,,787202,"Webster"
854,758,,787203,"Webster"
855,758,,787213,"Webster"
856,758,,787215,"Webster"
857,758,,787236,"Webster"
858,758,,787238,"Webster"
859,758,,787239,"Webster"
860,758,,787241,"Webster"
861,758,,787260,"Webster"
862,758,,787268,"Webster"
863,758,,787270,"Webster"
864,758,,787272,"Webster"
865,758,,787287,"Webster"
866,758,,787293,"Webster"
867,758,,787298,"Webster"
868,758,,787418,"Webster"
869,759,,787078,"Webster"
870,759,,787084,"Webster"
871,759,,787092,"Webster"
872,759,,787176,"Webster"
873,759,,787179,"Webster"
874,759,,787180,"Webster"
875,759,,787185,"Webster"
876,759,,787188,"Webster"
877,759,,787197,"Webster"
878,759,,787198,"Webster"
879,759,,787199,"Webster"
880,759,,787200,"Webster"
881,759,,787201,"Webster"
882,760,,787692,"Webster"
883,760,,787693,"Webster"
884,760,,787694,"Webster"
885,760,,787699,"Webster"
886,760,,787700,"Webster"
887,760,,787702,"Webster"
888,760,,787704,"Webster"
889,760,,787712,"Webster"
890,760,,787715,"Webster"
891,760,,787720,"Webster"
892,761,,787668,"Webster"
893,761,,787670,"Webster"
894,761,,787671,"Webster"
895,761,,787672,"Webster"
896,761,,787673,"Webster"
897,761,,787676,"Webster"
898,761,,787678,"Webster"
899,761,,787679,"Webster"
900,761,,787683,"Webster"
901,761,,787687,"Webster"
902,761,,787689,"Webster"
903,761,,787690,"Webster"
904,762,,786713,"Webster"
905,762,,786734,"Webster"
906,762,,786738,"Webster"
907,762,,786739,"Webster"
908,762,,786741,"Webster"
909,762,,786743,"Webster"
910,762,,786744,"Webster"
911,762,,786745,"Webster"
912,762,,786746,"Webster"
913,762,,786747,"Webster"
914,762,,786748,"Webster"
915,762,,786749,"Webster"
916,762,,786750,"Webster"
917,762,,786751,"Webster"
918,762,,786752,"Webster"
919,763,,787781,"Webster"
920,763,,787783,"Webster"
921,763,,787784,"Webster"
922,763,,787787,"Webster"
923,763,,787788,"Webster"
924,763,,787789,"Webster"
925,763,,787791,"Webster"
926,763,,787792,"Webster"
927,763,,787800,"Webster"
928,763,,787804,"Webster"
929,763,,787809,"Webster"
930,763,,787816,"Webster"
931,763,,787821,"Webster"
932,763,,787846,"Webster"
933,1,,722018,"Museum"
934,1,,722015,"Museum"
935,1,,722016,"Museum"
936,1,,722017,"Museum"
937,2,,722007,"Museum"
938,2,,722004,"Museum"
939,2,,722006,"Museum"
940,2,,720000,"Museum"
941,3,,681658,"Webster"
942,3,,721483,"Museum"
943,3,,721468,"Museum"
944,3,,721490,"Museum"
945,4,,722001,"Museum"
946,4,,722003,"Museum"
947,4,,722002,"Museum"
948,4,,722005,"Museum"
949,5,,721479,"Museum"
950,5,,721478,"Museum"
951,5,,721471,"Museum"
952,5,,721477,"Museum"
953,5,,721473,"Museum"
954,5,,721494,"Museum"
955,5,,721480,"Museum"
956,5,,721474,"Museum"
957,6,,721475,"Museum"
958,6,,721495,"Museum"
959,6,,721476,"Museum"
960,6,,721496,"Museum"
961,6,,721472,"Museum"
962,6,,721469,"Museum"
963,6,,721487,"Museum"
964,6,,721481,"Museum"
965,7,,721450,"Museum"
966,7,,721451,"Museum"
967,8,,721448,"Museum"
968,8,,722012,"Museum"
969,8,,722008,"Museum"
970,8,,722012,"Museum"
971,8,,722010,"Museum"
972,8,,722009,"Museum"
973,8,,722011,"Museum"
974,9,,722013,"Museum"
975,9,,722014,"Museum"
976,9,,681670,"Webster"
977,10,,721397,"Museum"
978,10,,721338,"Museum"
979,10,,721399,"Museum"
980,10,,721400,"Museum"
981,10,,721401,"Museum"
982,10,,721405,"Museum"
983,10,,721406,"Museum"
984,10,,721407,"Museum"
985,10,,721409,"Museum"
986,10,,721408,"Museum"
987,10,,721403,"Museum"
988,10,,721410,"Museum"
989,10,,721411,"Museum"
990,10,,721412,"Museum"
991,10,,721413,"Museum"
992,12,,721486,"Museum"
993,12,,721484,"Museum"
994,12,,721491,"Museum"
995,12,,721492,"Museum"
996,12,,721493,"Museum"
997,12,,721488,"Museum"
998,12,,721489,"Museum"
999,12,,721485,"Museum"
1000,13,,721361,"Museum"
1001,13,,721377,"Museum"
1002,13,,721356,"Museum"
1003,13,,721357,"Museum"
1004,13,,721371,"Museum"
1005,13,,721382,"Museum"
1006,13,,721373,"Museum"
1007,13,,721380,"Museum"
1008,13,,721359,"Museum"
1009,13,,721379,"Museum"
1010,13,,721372,"Museum"
1011,13,,721381,"Museum"
1012,13,,721378,"Museum"
1013,13,,721375,"Museum"
1014,14,,721363,"Museum"
1015,14,,5354,"Kenyon"
1016,14,,721365,"Museum"
1017,14,,721362,"Museum"
1018,14,,721376,"Museum"
1019,14,,721367,"Museum"
1020,14,,5352,"Kenyon"
1021,14,,5353,"Kenyon"
1022,14,,721366,"Museum"
1023,14,,721369,"Museum"
1024,14,,721364,"Museum"
1025,14,,5351,"Kenyon"
1026,14,,721360,"Museum"
1027,14,,721370,"Museum"
1028,14,,721368,"Museum"
1029,14,,5354,"Kenyon"
1030,14,,721374,"Museum"
1031,15,,722025,"Museum"
1032,16,,722024,"Museum"
1033,18,,722023,"Museum"
1034,19,,681661,"Museum"
1035,25,,722021,"Museum"
1036,25,,890415,"Museum"
1037,25,,890416,"Museum"
1038,34,,681667,"Museum"
1039,35,,681667,"Museum"
1040,39,,721485,"Museum"
1107,0,"A860013",787517,"Webster"
1108,0,"A860013",786339,"Unknown"
1109,0,"A860013",770897,"Webster"
1110,0,"A860013",787537,"Webster"
1111,0,"A860014",787610,"Webster"
1112,0,"A860014",786288,"Webster"
1113,0,"A860015",787615,"Webster"
1114,0,"A860015",786346,"Unknown"
1115,0,"A860015",760258,"Webster"
1116,0,"A860015",760270,"Webster"
1117,0,"A860015",777282,"Webster"
1118,0,"A860016",777280,"Webster"
1119,0,"A860021",786218,"Webster"
1120,0,"A860019",787507,"Webster"
1121,0,"A860019",793517,"Webster"
1123,0,"A860019",793512,"Webster"
1124,0,"A860019",787593,"Webster"
1125,0,"A860019",793500,"Webster"
1126,0,"A860019",787613,"Webster"
1127,0,"A860019",787520,"Webster"
1128,0,"A860019",787532,"Webster"
1129,0,"A860018",787485,"Webster"
1130,0,"A860018",787572,"Webster"
1131,0,"A860018",787498,"Webster"
1132,0,"A860018",787481,"Webster"
1133,0,"A860018",787563,"Webster"
1134,0,"A860018",760266,"Webster"
1135,0,"A860018",787564,"Webster"
1136,0,"A860018",787503,"Webster"
1137,0,"A860017",787513,"Unknown"
1138,0,"A860017",787552,"Webster"
1139,0,"A860017",767026,"Webster"
1140,0,"A860017",760257,"Webster"
1141,0,"A860017",787486,"Webster"
1142,0,"A860017",760264,"Webster"
1143,0,"A860017",770900,"Unknown"
1144,0,"A860017",787540,"Unknown"
